place_id,business_name,category,search_category,phone,address,city,rating,review_count,google_maps_url,website_url,business_status,types
ChIJrZVr8ORTrlQRJaa9XEQkBCc,American Pro Electric,electrician,Electrician,(208) 515-1111,"7606 W Settlers Ave, Boise, ID 83704, USA",Boise,4.2,35,https://maps.google.com/?cid=2811411943418340901&g_mp=Cidnb29nbGUubWFwcy5wbGFjZXMudjEuUGxhY2VzLlNlYXJjaFRleHQQAhgEIAA,,OPERATIONAL,electrician|point_of_interest|service|establishment
ChIJdaHL1AwJ5gQRzLDzotOEOts,Reliable Pest Control Boise,service,Pest control,(208) 379-9793,"101 S 15th St, Boise, ID 83702, USA",Boise,5,38,https://maps.google.com/?cid=15797084687462281420&g_mp=Cidnb29nbGUubWFwcy5wbGFjZXMudjEuUGxhY2VzLlNlYXJjaFRleHQQAhgEIAA,,OPERATIONAL,service|point_of_interest|establishment
ChIJ_cY1k8T5rlQRTsx_IacUCWk,Blue summer lawn care,service,Lawn care,(208) 713-2851,"Boise, ID 83705, USA",Boise,5,2,https://maps.google.com/?cid=7568603356826946638&g_mp=Cidnb29nbGUubWFwcy5wbGFjZXMudjEuUGxhY2VzLlNlYXJjaFRleHQQAhgEIAA,,OPERATIONAL,service|point_of_interest|establishment
ChIJM-qdnjFUrlQRLCtEmDJ7DSs,Johnny Lawn Aeration,general_contractor,Lawn care,(208) 703-7217,"1111 S Orchard St #223, Boise, ID 83705, USA",Boise,4.5,29,https://maps.google.com/?cid=3102271175561325356&g_mp=Cidnb29nbGUubWFwcy5wbGFjZXMudjEuUGxhY2VzLlNlYXJjaFRleHQQAhgEIAA,,OPERATIONAL,general_contractor|service|point_of_interest|establishment
ChIJ2Vy2QkJVrlQRtFS8fWZIMPk,Ace Handyman Services Meridian,home_goods_store,Handyman,(208) 593-6939,"9460 W Fairview Ave #145, Boise, ID 83704, USA",Boise,4.9,291,https://maps.google.com/?cid=17955931319359526068&g_mp=Cidnb29nbGUubWFwcy5wbGFjZXMudjEuUGxhY2VzLlNlYXJjaFRleHQQAhgEIAA,,OPERATIONAL,home_goods_store|store|general_contractor|service|point_of_interest|establishment
ChIJ8Ueizc1XrlQRH684OmV3h9g,Get 'R' Done Pressure Washing,point_of_interest,Pressure washing,(208) 869-1460,"4820 W Albion Dr, Boise, ID 83705, USA",Boise,5,1,https://maps.google.com/?cid=15602570710700568351&g_mp=Cidnb29nbGUubWFwcy5wbGFjZXMudjEuUGxhY2VzLlNlYXJjaFRleHQQAhgEIAA,,OPERATIONAL,point_of_interest|service|establishment
ChIJw6PWQcVQrlQRW_cOZdptTZ8,A Busy Bee Lock and Key,locksmith,Locksmith,(208) 376-2879,"12558 W Dalrymple Ct, Boise, ID 83709, USA",Boise,4.5,40,https://maps.google.com/?cid=11478951810003040091&g_mp=Cidnb29nbGUubWFwcy5wbGFjZXMudjEuUGxhY2VzLlNlYXJjaFRleHQQAhgEIAA,,OPERATIONAL,locksmith|service|point_of_interest|establishment
ChIJXeTYMOxTrlQRNyc818kkBWI,Treasure Valley Septic Services,service,Septic service,(208) 888-4423,"Boise, ID 83713, USA",Boise,5,4,https://maps.google.com/?cid=7063092039918561079&g_mp=Cidnb29nbGUubWFwcy5wbGFjZXMudjEuUGxhY2VzLlNlYXJjaFRleHQQAhgEIAA,,OPERATIONAL,service|point_of_interest|establishment
ChIJCzY2Wkz_rlQRg0W0u-Ffgrw,"Boise Cabinet, Inc.",manufacturer,Cabinet maker,(208) 323-0010,"114 E 43rd St, Garden City, ID 83714, USA",,5,2,https://maps.google.com/?cid=13583524849224271235&g_mp=Cidnb29nbGUubWFwcy5wbGFjZXMudjEuUGxhY2VzLlNlYXJjaFRleHQQAhgEIAA,,OPERATIONAL,manufacturer|service|point_of_interest|establishment
ChIJAQAQ5VRVrlQRlxeBgc62IX4,Foundation Supportworks of Idaho,service,Foundation repair,(208) 437-8848,"1871 E McGrath Rd, Eagle, ID 83616, USA",Eagle,4,1,https://maps.google.com/?cid=9088746521062610839&g_mp=Cidnb29nbGUubWFwcy5wbGFjZXMudjEuUGxhY2VzLlNlYXJjaFRleHQQAhgEIAA,,OPERATIONAL,service|point_of_interest|establishment
ChIJAVBeVhD_rlQR2n399ctVWXI,Boise Drywall Repair,general_contractor,Drywall contractor,(208) 631-9421,"3909 N Cartwright Rd, Boise, ID 83714, USA",Boise,5,137,https://maps.google.com/?cid=8239711327744785882&g_mp=Cidnb29nbGUubWFwcy5wbGFjZXMudjEuUGxhY2VzLlNlYXJjaFRleHQQAhgEIAA,,OPERATIONAL,general_contractor|point_of_interest|service|establishment
ChIJib_CBvH_rlQRgYVJbx9CA8A,The Pool Zombie,point_of_interest,Pool service,(208) 991-4578,"10105 W Claudia Rd, Boise, ID 83714, USA",Boise,5,8,https://maps.google.com/?cid=13835975182990804353&g_mp=Cidnb29nbGUubWFwcy5wbGFjZXMudjEuUGxhY2VzLlNlYXJjaFRleHQQAhgEIAA,,OPERATIONAL,point_of_interest|service|establishment
ChIJ8awJg0BJimARfJxQYUMQQyI,Next gen welding and fabrication,manufacturer,Welding service,(208) 912-7722,"1726 Calaveras Pl N, Kuna, ID 83634, USA",,3.7,6,https://maps.google.com/?cid=2468834902310689916&g_mp=Cidnb29nbGUubWFwcy5wbGFjZXMudjEuUGxhY2VzLlNlYXJjaFRleHQQAhgEIAA,,OPERATIONAL,manufacturer|point_of_interest|establishment
ChIJR4pMamf_rlQRqhqVZGVyNA8,Jeremy's Welding LLC,point_of_interest,Welding service,(208) 999-2935,"599 E 44th St Suite #4, Garden City, ID 83714, USA",,4.9,17,https://maps.google.com/?cid=1095626389162629802&g_mp=Cidnb29nbGUubWFwcy5wbGFjZXMudjEuUGxhY2VzLlNlYXJjaFRleHQQAhgEIAA,,OPERATIONAL,point_of_interest|service|establishment
ChIJ5QHxgIz3rlQRXQ8eA9833ZU,Central Paving,service,Paving contractor,(208) 338-0818,"5319 S Apple St, Boise, ID 83716, USA",Boise,1,1,https://maps.google.com/?cid=10798848912473853789&g_mp=Cidnb29nbGUubWFwcy5wbGFjZXMudjEuUGxhY2VzLlNlYXJjaFRleHQQAhgEIAA,,OPERATIONAL,service|point_of_interest|establishment
ChIJVR5tY1dSrlQRBUkbINDiBsQ,"Berry Electrical Services, Inc.",electrician,Electrician,(208) 898-0950,"1299 N Black Cat Rd, Meridian, ID 83642, USA",Meridian,5,5,https://maps.google.com/?cid=14125226664813873413&g_mp=Cidnb29nbGUubWFwcy5wbGFjZXMudjEuUGxhY2VzLlNlYXJjaFRleHQQAhgEIAA,,OPERATIONAL,electrician|service|point_of_interest|establishment
ChIJ6djgw0L_rlQR1HD4SXKS2J8,"Canyon Electric, LLC",electrician,Electrical contractor,(208) 323-2000,"1270 E Fairview Ave #100, Meridian, ID 83642, USA",Meridian,4.7,44,https://maps.google.com/?cid=11518117066564989140&g_mp=Cidnb29nbGUubWFwcy5wbGFjZXMudjEuUGxhY2VzLlNlYXJjaFRleHQQAhgEIAA,,OPERATIONAL,electrician|point_of_interest|service|establishment
ChIJEQ0hHd9TrlQRP3oBb8OA1Qs,Meridian Roofing LLC,roofing_contractor,Roofer,(208) 258-5239,"3018 W Fieldstream Dr #4129, Meridian, ID 83646, USA",Meridian,5,112,https://maps.google.com/?cid=852729281325922879&g_mp=Cidnb29nbGUubWFwcy5wbGFjZXMudjEuUGxhY2VzLlNlYXJjaFRleHQQAhgEIAA,,OPERATIONAL,roofing_contractor|point_of_interest|service|establishment
ChIJW8zWKwBUrlQRiNXldB2YzKM,Air Conditioning & Heating Service of Meridian,general_contractor,HVAC,(208) 846-8707,"880 E Franklin Rd Suite 313, Meridian, ID 83642, USA",Meridian,5,317,https://maps.google.com/?cid=11802975975713920392&g_mp=Cidnb29nbGUubWFwcy5wbGFjZXMudjEuUGxhY2VzLlNlYXJjaFRleHQQAhgEIAA,,OPERATIONAL,general_contractor|service|point_of_interest|establishment
ChIJL6NNMvmof24RnYM9OHBqomw,Elite Sprinkler Tech & Landscaping LLC,point_of_interest,Landscaping,(208) 922-8879,"1131 E Ustick Rd, Meridian, ID 83646, USA",Meridian,4.9,61,https://maps.google.com/?cid=7827936132535780253&g_mp=Cidnb29nbGUubWFwcy5wbGFjZXMudjEuUGxhY2VzLlNlYXJjaFRleHQQAhgEIAA,,OPERATIONAL,point_of_interest|general_contractor|service|establishment
ChIJ5aUJw95VrlQRuBIMXg0zM9k,Idaho Mobile Automotive Co,car_repair,Auto repair,(303) 547-6468,"3415 N Centrepoint Way C103, Meridian, ID 83646, USA",Meridian,4.7,23,https://maps.google.com/?cid=15650909262548046520&g_mp=Cidnb29nbGUubWFwcy5wbGFjZXMudjEuUGxhY2VzLlNlYXJjaFRleHQQAhgEIAA,,OPERATIONAL,car_repair|service|point_of_interest|establishment
ChIJJYHOCehTrlQRGJ0N1LONWmI,Giesler's Auto Repair,car_repair,Auto repair,(208) 888-1841,"216 W Franklin Rd, Meridian, ID 83642, USA",Meridian,4.9,121,https://maps.google.com/?cid=7087132767117221144&g_mp=Cidnb29nbGUubWFwcy5wbGFjZXMudjEuUGxhY2VzLlNlYXJjaFRleHQQAhgEIAA,,OPERATIONAL,car_repair|service|point_of_interest|establishment
ChIJG85_-DhRrlQRamnum81vJk0,Meridian Carpet Cleaning,laundry,Carpet cleaning,(208) 744-7990,"841 E Fairview Ave, Meridian, ID 83642, USA",Meridian,5,23,https://maps.google.com/?cid=5559253718910527850&g_mp=Cidnb29nbGUubWFwcy5wbGFjZXMudjEuUGxhY2VzLlNlYXJjaFRleHQQAhgEIAA,,OPERATIONAL,laundry|point_of_interest|service|establishment
ChIJ2Sjz6zlVrlQR8xWSmZKh0Qs,Idaho Sprinkler Authority,general_contractor,Irrigation,(208) 918-3959,"612 W Laughton Dr, Meridian, ID 83646, USA",Meridian,5,2,https://maps.google.com/?cid=851639455563519475&g_mp=Cidnb29nbGUubWFwcy5wbGFjZXMudjEuUGxhY2VzLlNlYXJjaFRleHQQAhgEIAA,,OPERATIONAL,general_contractor|point_of_interest|service|establishment
ChIJtQ48IB5HfwMRExZaNGYX758,Redline Irrigation LLC.,general_contractor,Irrigation,(208) 801-8823,"720 W Colbert St, Meridian, ID 83646, USA",Meridian,5,39,https://maps.google.com/?cid=11524455699196810771&g_mp=Cidnb29nbGUubWFwcy5wbGFjZXMudjEuUGxhY2VzLlNlYXJjaFRleHQQAhgEIAA,,OPERATIONAL,general_contractor|point_of_interest|service|establishment
ChIJU7HTEF1TrlQRvd5Y05tyaoE,Settler's Irrigation District,general_contractor,Irrigation,(208) 855-0417,"2398 W McMillan Rd, Meridian, ID 83646, USA",Meridian,1,2,https://maps.google.com/?cid=9325391992015347389&g_mp=Cidnb29nbGUubWFwcy5wbGFjZXMudjEuUGxhY2VzLlNlYXJjaFRleHQQAhgEIAA,,OPERATIONAL,general_contractor|store|point_of_interest|service|establishment
ChIJBecpLdaK0gIRquJA4LaIYQU,Evergreen Flooring LLC,general_contractor,Flooring contractor,(986) 200-3489,"1323 N Meridian Rd, Meridian, ID 83642, USA",Meridian,5,21,https://maps.google.com/?cid=387741361958347434&g_mp=Cidnb29nbGUubWFwcy5wbGFjZXMudjEuUGxhY2VzLlNlYXJjaFRleHQQAhgEIAA,,OPERATIONAL,general_contractor|service|point_of_interest|establishment
ChIJpYE9DPhTrlQRxVsFwR4nGnE,Idaho Renovations llc,general_contractor,Flooring contractor,(208) 602-0511,"1336 NE 4th St, Meridian, ID 83642, USA",Meridian,5,2,https://maps.google.com/?cid=8149869488721189829&g_mp=Cidnb29nbGUubWFwcy5wbGFjZXMudjEuUGxhY2VzLlNlYXJjaFRleHQQAhgEIAA,,OPERATIONAL,general_contractor|service|point_of_interest|establishment
ChIJFViSOWxTrlQR_cBUflnkn4Q,Idaho Tile World and Remodeling,general_contractor,Tile contractor,(208) 982-8298,"972 W Broadway Ave, Meridian, ID 83642, USA",Meridian,5,2,https://maps.google.com/?cid=9556608007326187773&g_mp=Cidnb29nbGUubWFwcy5wbGFjZXMudjEuUGxhY2VzLlNlYXJjaFRleHQQAhgEIAA,,OPERATIONAL,general_contractor|home_goods_store|store|point_of_interest|service|establishment
ChIJAQBUOuFZrlQRQ7ZHspJopVg,"Titan Stone and Tile, LLC",general_contractor,Tile contractor,(208) 899-7587,"408 N Maple Grove Rd, Boise, ID 83704, USA",Boise,5,6,https://maps.google.com/?cid=6387626625760474691&g_mp=Cidnb29nbGUubWFwcy5wbGFjZXMudjEuUGxhY2VzLlNlYXJjaFRleHQQAhgEIAA,,OPERATIONAL,general_contractor|point_of_interest|service|establishment
ChIJpyu6PkhRrlQR22t_s4xmst8,DNB Remodeling - Bathrooms & Kitchens,home_goods_store,Kitchen remodel,(208) 859-8291,"2020 S Luxury Ln h106, Meridian, ID 83642, USA",Meridian,5,5,https://maps.google.com/?cid=16119058770805353435&g_mp=Cidnb29nbGUubWFwcy5wbGFjZXMudjEuUGxhY2VzLlNlYXJjaFRleHQQAhgEIAA,,OPERATIONAL,home_goods_store|general_contractor|store|point_of_interest|service|establishment
ChIJN77e8_r4M2IRfiwOFzV8AMo,Rogue Concrete & Construction,general_contractor,Foundation repair,(480) 204-6538,"2185 Klemmer Ave N, Kuna, ID 83634, USA",,4.8,45,https://maps.google.com/?cid=14555770563123358846&g_mp=Cidnb29nbGUubWFwcy5wbGFjZXMudjEuUGxhY2VzLlNlYXJjaFRleHQQAhgEIAA,,OPERATIONAL,general_contractor|service|point_of_interest|establishment
ChIJC4o3TKBTrlQRellFcjihzLQ,Ron Pollard Drywall Inc.,consultant,Drywall contractor,(208) 861-7953,"2307 N Kubik Pl, Meridian, ID 83642, USA",Meridian,4.4,7,https://maps.google.com/?cid=13027965085883390330&g_mp=Cidnb29nbGUubWFwcy5wbGFjZXMudjEuUGxhY2VzLlNlYXJjaFRleHQQAhgEIAA,,OPERATIONAL,consultant|general_contractor|point_of_interest|service|establishment
ChIJd2wQvQdUrlQRW0FCHfNydfk,Paragon Pacific,general_contractor,Insulation contractor,(208) 887-9955,"2000 E Commercial St, Meridian, ID 83642, USA",Meridian,4.5,10,https://maps.google.com/?cid=17975399876212703579&g_mp=Cidnb29nbGUubWFwcy5wbGFjZXMudjEuUGxhY2VzLlNlYXJjaFRleHQQAhgEIAA,,OPERATIONAL,general_contractor|point_of_interest|service|establishment
ChIJRZ4TLChVrlQRE-0xFmTg2_4,Rangel Siding Company LLC,service,Siding contractor,(208) 602-4747,"1020 N Parkdale Ave, Meridian, ID 83642, USA",Meridian,5,6,https://maps.google.com/?cid=18364518626007051539&g_mp=Cidnb29nbGUubWFwcy5wbGFjZXMudjEuUGxhY2VzLlNlYXJjaFRleHQQAhgEIAA,,OPERATIONAL,service|point_of_interest|establishment
ChIJQS4cid9VrlQRJsFrYOXi89o,A Clean Sweep of Treasure Valley,point_of_interest,Chimney sweep,(208) 420-6861,"4105 N Five Mile Rd, Boise, ID 83713, USA",Boise,5,1,https://maps.google.com/?cid=15777203394402042150&g_mp=Cidnb29nbGUubWFwcy5wbGFjZXMudjEuUGxhY2VzLlNlYXJjaFRleHQQAhgEIAA,,OPERATIONAL,point_of_interest|service|establishment
ChIJVzOvsjxNrlQRYoUAcANieo8,CW Welding&Repair,point_of_interest,Welding service,(208) 602-0797,"420 7th St S, Nampa, ID 83651, USA",Nampa,5,3,https://maps.google.com/?cid=10338683661485901154&g_mp=Cidnb29nbGUubWFwcy5wbGFjZXMudjEuUGxhY2VzLlNlYXJjaFRleHQQAhgEIAA,,OPERATIONAL,point_of_interest|service|establishment
ChIJFbz9t_ZSrlQRVsPhLiXKI-o,Highmark Excavation LLC,general_contractor,Excavation contractor,(208) 887-9687,"5730 W Cherry Ln, Meridian, ID 83642, USA",Meridian,5,3,https://maps.google.com/?cid=16871550890109158230&g_mp=Cidnb29nbGUubWFwcy5wbGFjZXMudjEuUGxhY2VzLlNlYXJjaFRleHQQAhgEIAA,,OPERATIONAL,general_contractor|service|point_of_interest|establishment
ChIJ0eDCBl1TrlQRo2aEkHLLZRw,Superior Construction-Excvtng,general_contractor,Excavation contractor,(208) 884-4011,"2350 W McMillan Rd, Meridian, ID 83646, USA",Meridian,4.2,17,https://maps.google.com/?cid=2046265298621064867&g_mp=Cidnb29nbGUubWFwcy5wbGFjZXMudjEuUGxhY2VzLlNlYXJjaFRleHQQAhgEIAA,,OPERATIONAL,general_contractor|service|point_of_interest|establishment
ChIJiSJb4rlLrlQRotn3x6YLrbk,EZ Landscaping LLC,general_contractor,Landscaping,(208) 284-2154,"3614 Wilson Ln, Nampa, ID 83686, USA",Nampa,4.9,12,https://maps.google.com/?cid=13379362878934997410&g_mp=Cidnb29nbGUubWFwcy5wbGFjZXMudjEuUGxhY2VzLlNlYXJjaFRleHQQAhgEIAA,,OPERATIONAL,general_contractor|service|point_of_interest|establishment
ChIJLdF3ChZNrlQRRZiICUJAW6Q,Andy's Mobile Auto Repair,car_repair,Auto repair,(208) 954-2993,"nampa idaho, Nampa, ID 83651, USA",Nampa,4.4,68,https://maps.google.com/?cid=11843130297472817221&g_mp=Cidnb29nbGUubWFwcy5wbGFjZXMudjEuUGxhY2VzLlNlYXJjaFRleHQQAhgEIAA,,OPERATIONAL,car_repair|service|point_of_interest|establishment
ChIJ92caFClNrlQRjQP_quHnwaw,The Nampa Mobile Mechanic,car_repair,Auto repair,(208) 751-8983,"1200 2nd St S, Nampa, ID 83651, USA",Nampa,5,2,https://maps.google.com/?cid=12448485801451258765&g_mp=Cidnb29nbGUubWFwcy5wbGFjZXMudjEuUGxhY2VzLlNlYXJjaFRleHQQAhgEIAA,,OPERATIONAL,car_repair|service|point_of_interest|establishment
ChIJd6aURDxNrlQRbefbl2qIErw,Duran Truck and Auto,car_repair,Auto repair,(208) 466-8923,"1924 2nd St S, Nampa, ID 83651, USA",Nampa,4.8,75,https://maps.google.com/?cid=13552044220106925933&g_mp=Cidnb29nbGUubWFwcy5wbGFjZXMudjEuUGxhY2VzLlNlYXJjaFRleHQQAhgEIAA,,OPERATIONAL,car_repair|service|point_of_interest|establishment
ChIJb6T5Nn1AtKQR7GFxQ-cpZnU,Jose elite handyman service,furniture_store,Handyman,(208) 346-3941,"1630 12th Ave Rd, Nampa, ID 83686, USA",Nampa,5,16,https://maps.google.com/?cid=8459495023307743724&g_mp=Cidnb29nbGUubWFwcy5wbGFjZXMudjEuUGxhY2VzLlNlYXJjaFRleHQQAhgEIAA,,OPERATIONAL,furniture_store|home_improvement_store|home_goods_store|general_contractor|store|point_of_interest|service|establishment
ChIJF0_IzMVOrlQRfVg2-tEd4ZQ,Dabeers Handyman Solutions,general_contractor,Handyman,(208) 805-9475,"2504 Pebble Way, Nampa, ID 83686, USA",Nampa,4.4,21,https://maps.google.com/?cid=10727888575056468093&g_mp=Cidnb29nbGUubWFwcy5wbGFjZXMudjEuUGxhY2VzLlNlYXJjaFRleHQQAhgEIAA,,OPERATIONAL,general_contractor|point_of_interest|service|establishment
ChIJhd1wJy5LrlQR_yzSUzUcKMI,Triminio's Painting LLC,general_contractor,Painting contractor,(208) 800-4605,"914 W Florida Ave, Nampa, ID 83686, USA",Nampa,5,6,https://maps.google.com/?cid=13990463257791573247&g_mp=Cidnb29nbGUubWFwcy5wbGFjZXMudjEuUGxhY2VzLlNlYXJjaFRleHQQAhgEIAA,,OPERATIONAL,general_contractor|service|point_of_interest|establishment
ChIJSTk7zmhMrlQRctoGODOFOUA,Appliance Recyclers of Idaho,home_goods_store,Appliance repair,(208) 461-2002,"1637 Garrity Blvd, Nampa, ID 83651, USA",Nampa,4.6,109,https://maps.google.com/?cid=4627876547129694834&g_mp=Cidnb29nbGUubWFwcy5wbGFjZXMudjEuUGxhY2VzLlNlYXJjaFRleHQQAhgEIAA,,OPERATIONAL,home_goods_store|service|store|point_of_interest|establishment
ChIJKc2yespNrlQR42rGYDDk8Hg,MR. Pressure Wash,service,Pressure washing,(208) 570-3451,"2837 Cougar Ave, Nampa, ID 83687, USA",Nampa,,0,https://maps.google.com/?cid=8714716175395089123&g_mp=Cidnb29nbGUubWFwcy5wbGFjZXMudjEuUGxhY2VzLlNlYXJjaFRleHQQAhgEIAA,,OPERATIONAL,service|point_of_interest|establishment
ChIJ35mwoYZLrlQREBXdhQIWI8M,Sprinkler Pipe Repair Services,general_contractor,Sprinkler repair,(208) 465-7758,"36 N Pleasants Dr, Nampa, ID 83651, USA",Nampa,5,1,https://maps.google.com/?cid=14061106661672424720&g_mp=Cidnb29nbGUubWFwcy5wbGFjZXMudjEuUGxhY2VzLlNlYXJjaFRleHQQAhgEIAA,,OPERATIONAL,general_contractor|service|point_of_interest|establishment
ChIJvytn7j5JrlQRvWHFaeCg8Ds,Kaufman Landscape and design,general_contractor,Sprinkler repair,(208) 272-1737,"4112 SunnyRidge Rd, Nampa, ID 83686, USA",Nampa,,0,https://maps.google.com/?cid=4319128928355967421&g_mp=Cidnb29nbGUubWFwcy5wbGFjZXMudjEuUGxhY2VzLlNlYXJjaFRleHQQAhgEIAA,,OPERATIONAL,general_contractor|service|point_of_interest|establishment
ChIJ71n1505PrlQRMvruw_wcZgE,Pioneer Construction Specialists,general_contractor,Flooring contractor,(208) 739-3555,"1809 E Iowa Ave, Nampa, ID 83686, USA",Nampa,5,3,https://maps.google.com/?cid=100799913606969906&g_mp=Cidnb29nbGUubWFwcy5wbGFjZXMudjEuUGxhY2VzLlNlYXJjaFRleHQQAhgEIAA,,OPERATIONAL,general_contractor|point_of_interest|service|establishment
ChIJ58S2T9RNrlQRSuWlf-VvQ70,Nampa Hardwood Floor Refinishing,general_contractor,Flooring contractor,(208) 644-8599,"510 N Clarence Ln, Nampa, ID 83687, USA",Nampa,5,1,https://maps.google.com/?cid=13637867128087766346&g_mp=Cidnb29nbGUubWFwcy5wbGFjZXMudjEuUGxhY2VzLlNlYXJjaFRleHQQAhgEIAA,,OPERATIONAL,general_contractor|point_of_interest|service|establishment
ChIJpVfQU5ZNrlQRb97bH6sc7gc,This Guy Tile and Stone,general_contractor,Tile contractor,(208) 803-8222,"Nampa, ID 83651, USA",Nampa,5,1,https://maps.google.com/?cid=571425724022120047&g_mp=Cidnb29nbGUubWFwcy5wbGFjZXMudjEuUGxhY2VzLlNlYXJjaFRleHQQAhgEIAA,,OPERATIONAL,general_contractor|point_of_interest|service|establishment
ChIJsUCjGU5LrlQRFi_OIQUdO50,Magic Tile LLC,general_contractor,Tile contractor,(208) 546-2592,"16223 N Diamond Peak Dr, Nampa, ID 83651, USA",Nampa,3.7,3,https://maps.google.com/?cid=11329681195459817238&g_mp=Cidnb29nbGUubWFwcy5wbGFjZXMudjEuUGxhY2VzLlNlYXJjaFRleHQQAhgEIAA,,OPERATIONAL,general_contractor|point_of_interest|service|establishment
ChIJT27z3rJNrlQR7B9SmkOSnLM,Hidden River Cabinetry,manufacturer,Cabinet maker,(208) 370-8680,"424 N Kings Rd, Nampa, ID 83687, USA",Nampa,5,4,https://maps.google.com/?cid=12942380248205500396&g_mp=Cidnb29nbGUubWFwcy5wbGFjZXMudjEuUGxhY2VzLlNlYXJjaFRleHQQAhgEIAA,,OPERATIONAL,manufacturer|service|point_of_interest|establishment
ChIJLV9x2v5NrlQRy4alG6QFNZI,Home Solutions & Construction,general_contractor,General contractor,(208) 671-6185,"935 W S Diamond St, Nampa, ID 83686, USA",Nampa,4.6,36,https://maps.google.com/?cid=10535333105699751627&g_mp=Cidnb29nbGUubWFwcy5wbGFjZXMudjEuUGxhY2VzLlNlYXJjaFRleHQQAhgEIAA,,OPERATIONAL,general_contractor|point_of_interest|service|establishment
ChIJWSIF9SlLrlQRwP2OZPCVjNk,Black & Grey Construction LLC,home_goods_store,Foundation repair,(208) 971-0976,"15675 Sequoia Grove Way, Caldwell, ID 83607, USA",Caldwell,5,17,https://maps.google.com/?cid=15676069262681636288&g_mp=Cidnb29nbGUubWFwcy5wbGFjZXMudjEuUGxhY2VzLlNlYXJjaFRleHQQAhgEIAA,,OPERATIONAL,home_goods_store|general_contractor|store|manufacturer|point_of_interest|service|establishment
ChIJkYq3ZEdNrlQRmRyaUvCrEQE,Muñoz Drywall Llc.,point_of_interest,Drywall contractor,(208) 570-1975,"4403 High Valley Ave, Nampa, ID 83687, USA",Nampa,5,5,https://maps.google.com/?cid=77031717308341401&g_mp=Cidnb29nbGUubWFwcy5wbGFjZXMudjEuUGxhY2VzLlNlYXJjaFRleHQQAhgEIAA,,OPERATIONAL,point_of_interest|service|establishment
ChIJVQ9lKCe1r1QRdjOFU0svMOI,One time siding llc,general_contractor,Siding contractor,(208) 409-0259,"1605 S Kimball Ave, Caldwell, ID 83605, USA",Caldwell,5,2,https://maps.google.com/?cid=16298579052024116086&g_mp=Cidnb29nbGUubWFwcy5wbGFjZXMudjEuUGxhY2VzLlNlYXJjaFRleHQQAhgEIAA,,OPERATIONAL,general_contractor|service|point_of_interest|establishment
ChIJE_fB5Lezr1QR4Pd7ByecWOY,Dawson Construction Services LLC,roofing_contractor,Deck builder,(208) 869-6984,"20593 Wyeth Ave #8118, Caldwell, ID 83605, USA",Caldwell,5,14,https://maps.google.com/?cid=16598188118117185504&g_mp=Cidnb29nbGUubWFwcy5wbGFjZXMudjEuUGxhY2VzLlNlYXJjaFRleHQQAhgEIAA,,OPERATIONAL,roofing_contractor|general_contractor|manufacturer|service|point_of_interest|establishment
ChIJwYlogyRLrlQRIpJGCTRpS9M,Endless Summer Pool and Spa,service,Pool cleaning,(208) 936-5080,"1431 W Roberts Pl, Nampa, ID 83651, USA",Nampa,4.4,7,https://maps.google.com/?cid=15225378637470929442&g_mp=Cidnb29nbGUubWFwcy5wbGFjZXMudjEuUGxhY2VzLlNlYXJjaFRleHQQAhgEIAA,,OPERATIONAL,service|point_of_interest|establishment
ChIJ8dVWHupLrlQRxKJIF-nQDck,B's care service,moving_company,Moving company,(208) 999-6387,"16067 N Franklin Blvd, Nampa, ID 83687, USA",Nampa,4.6,19,https://maps.google.com/?cid=14487465275857347268&g_mp=Cidnb29nbGUubWFwcy5wbGFjZXMudjEuUGxhY2VzLlNlYXJjaFRleHQQAhgEIAA,,OPERATIONAL,moving_company|storage|transportation_service|shipping_service|service|point_of_interest|establishment
ChIJay2bbz2zr1QRJnc01tQV4rQ,Quality Welding & Fabrication LLC,point_of_interest,Welding service,(208) 602-3369,"3006 Syringa Ln, Caldwell, ID 83605, USA",Caldwell,5,58,https://maps.google.com/?cid=13034004275434649382&g_mp=Cidnb29nbGUubWFwcy5wbGFjZXMudjEuUGxhY2VzLlNlYXJjaFRleHQQAhgEIAA,,OPERATIONAL,point_of_interest|service|establishment
ChIJxQ310WNSrlQRF5fBIgIv47k,Paul Construction,general_contractor,Paving contractor,(208) 466-2953,"16429 McDermott Rd, Nampa, ID 83687, USA",Nampa,5,5,https://maps.google.com/?cid=13394601402949539607&g_mp=Cidnb29nbGUubWFwcy5wbGFjZXMudjEuUGxhY2VzLlNlYXJjaFRleHQQAhgEIAA,,OPERATIONAL,general_contractor|service|point_of_interest|establishment
ChIJb4EZD77GUEgRDUYgzeT6Dp8,Pure Plumbing Idaho,plumber,Plumbing,(208) 965-6983,"16790 Loggia Ave, Caldwell, ID 83607, USA",Caldwell,5,17,https://maps.google.com/?cid=11461373962305422861&g_mp=Cidnb29nbGUubWFwcy5wbGFjZXMudjEuUGxhY2VzLlNlYXJjaFRleHQQAhgEIAA,,OPERATIONAL,plumber|service|point_of_interest|establishment
ChIJd1qTig-1r1QRuZv7wnzOECs,Supreme Roofing LLC,roofing_contractor,Roofer,(208) 936-9416,"16423 Regence Way, Caldwell, ID 83607, USA",Caldwell,5,13,https://maps.google.com/?cid=3103207178500807609&g_mp=Cidnb29nbGUubWFwcy5wbGFjZXMudjEuUGxhY2VzLlNlYXJjaFRleHQQAhgEIAA,,OPERATIONAL,roofing_contractor|service|point_of_interest|establishment
ChIJvSmlxne0r1QR110Tz30s-tg,King Concrete Construction,point_of_interest,Concrete contractor,,"2424 E Chicago St, Caldwell, ID 83605, USA",Caldwell,3,3,https://maps.google.com/?cid=15634857975226785239&g_mp=Cidnb29nbGUubWFwcy5wbGFjZXMudjEuUGxhY2VzLlNlYXJjaFRleHQQAhgEIAA,,OPERATIONAL,point_of_interest|service|establishment
ChIJ3U-EPOOzr1QRVeXashvfSA8,Paul Tucker Concrete,general_contractor,Concrete contractor,(208) 454-1316,"1023 Teton Ave, Caldwell, ID 83605, USA",Caldwell,4.3,3,https://maps.google.com/?cid=1101375418949887317&g_mp=Cidnb29nbGUubWFwcy5wbGFjZXMudjEuUGxhY2VzLlNlYXJjaFRleHQQAhgEIAA,,OPERATIONAL,general_contractor|point_of_interest|service|establishment
ChIJkdoDIrS1r1QRFMYWq6naFAk,Velasquez Tree Service LLC,point_of_interest,Tree service,(208) 941-8049,"23325 Boise River Rd, Caldwell, ID 83607, USA",Boise,5,44,https://maps.google.com/?cid=654388268130289172&g_mp=Cidnb29nbGUubWFwcy5wbGFjZXMudjEuUGxhY2VzLlNlYXJjaFRleHQQAhgEIAA,,OPERATIONAL,point_of_interest|service|establishment
ChIJY0q1D1q0r1QR6BBYfzfMjtw,All Aces Appliance Repair,point_of_interest,Appliance repair,(208) 995-6480,"216 E Beech St, Caldwell, ID 83605, USA",Caldwell,4.8,33,https://maps.google.com/?cid=15892864673768804584&g_mp=Cidnb29nbGUubWFwcy5wbGFjZXMudjEuUGxhY2VzLlNlYXJjaFRleHQQAhgEIAA,,OPERATIONAL,point_of_interest|service|establishment
ChIJVVVVVZWzr1QRRj6kiGaUnlU,Rich's Appliance Repair,point_of_interest,Appliance repair,(208) 459-9267,"601 W Elm St, Caldwell, ID 83605, USA",Caldwell,5,42,https://maps.google.com/?cid=6169531707644198470&g_mp=Cidnb29nbGUubWFwcy5wbGFjZXMudjEuUGxhY2VzLlNlYXJjaFRleHQQAhgEIAA,,OPERATIONAL,point_of_interest|service|establishment
ChIJ01BYxMOzr1QRxZuTmP7YL6E,A Clean Streak,service,Window cleaning,(208) 412-5185,"4207 Marble Front Rd, Caldwell, ID 83605, USA",Caldwell,5,5,https://maps.google.com/?cid=11614740552004901829&g_mp=Cidnb29nbGUubWFwcy5wbGFjZXMudjEuUGxhY2VzLlNlYXJjaFRleHQQAhgEIAA,,OPERATIONAL,service|point_of_interest|establishment
ChIJASY8RO63r1QR7oI2aHIKk_k,C1 pressure washing llc,point_of_interest,Pressure washing,(775) 304-8558,"23095 Centerpoint Rd, Caldwell, ID 83607, USA",Caldwell,5,12,https://maps.google.com/?cid=17983729223511474926&g_mp=Cidnb29nbGUubWFwcy5wbGFjZXMudjEuUGxhY2VzLlNlYXJjaFRleHQQAhgEIAA,,OPERATIONAL,point_of_interest|service|establishment
ChIJeVEnZ0e1r1QRHU80JvktRxU,Allisaw Paint & Power Washing,point_of_interest,Pressure washing,(208) 741-8584,"2015 Cleveland Blvd, Caldwell, ID 83605, USA",Caldwell,5,4,https://maps.google.com/?cid=1533244746254012189&g_mp=Cidnb29nbGUubWFwcy5wbGFjZXMudjEuUGxhY2VzLlNlYXJjaFRleHQQAhgEIAA,,OPERATIONAL,point_of_interest|establishment
ChIJS3N19Re0r1QR-YUV4lXlPvA,All American Power Wash,car_wash,Power washing,(208) 455-3262,"323 La Fond St, Caldwell, ID 83605, USA",Caldwell,4.6,67,https://maps.google.com/?cid=17311526174686807545&g_mp=Cidnb29nbGUubWFwcy5wbGFjZXMudjEuUGxhY2VzLlNlYXJjaFRleHQQAhgEIAA,,OPERATIONAL,car_wash|service|point_of_interest|establishment
ChIJxw1d2qq7r1QRitS83mttcFk,Advanced Septic Service,plumber,Septic service,(208) 703-5317,"18462 Sand Hollow Rd, Caldwell, ID 83607, USA",Caldwell,5,4,https://maps.google.com/?cid=6444771376833025162&g_mp=Cidnb29nbGUubWFwcy5wbGFjZXMudjEuUGxhY2VzLlNlYXJjaFRleHQQAhgEIAA,,OPERATIONAL,plumber|service|point_of_interest|establishment
ChIJ6R3GSQu0r1QR3q43DKpNWps,Caldwell,general_contractor,Irrigation,(208) 454-3477,"1616 E Chicago St, Caldwell, ID 83605, USA",Caldwell,4.5,10,https://maps.google.com/?cid=11194345216527544030&g_mp=Cidnb29nbGUubWFwcy5wbGFjZXMudjEuUGxhY2VzLlNlYXJjaFRleHQQAhgEIAA,,OPERATIONAL,general_contractor|point_of_interest|service|establishment
ChIJI57Rqzy1r1QRrolQrp_Gxxw,Walker's Sprinklers,general_contractor,Sprinkler repair,(208) 585-7291,"2819 S Georgia Ave, Caldwell, ID 83605, USA",Caldwell,4.5,6,https://maps.google.com/?cid=2073844542554016174&g_mp=Cidnb29nbGUubWFwcy5wbGFjZXMudjEuUGxhY2VzLlNlYXJjaFRleHQQAhgEIAA,,OPERATIONAL,general_contractor|point_of_interest|service|establishment
ChIJXQZKGk21r1QR-lAPpbDRapU,JJ's Floor Covering LLC,general_contractor,Flooring contractor,(208) 602-1987,"3406 E Homedale Rd, Caldwell, ID 83607, USA",Caldwell,4.4,7,https://maps.google.com/?cid=10766648415796285690&g_mp=Cidnb29nbGUubWFwcy5wbGFjZXMudjEuUGxhY2VzLlNlYXJjaFRleHQQAhgEIAA,,OPERATIONAL,general_contractor|point_of_interest|service|establishment
ChIJvxpo9mnu-SURtVCXwxhznaY,208 Epoxy LLC,general_contractor,Flooring contractor,(208) 272-1755,"1604 Parker Ave, Caldwell, ID 83605, USA",Caldwell,5,3,https://maps.google.com/?cid=12005878731837493429&g_mp=Cidnb29nbGUubWFwcy5wbGFjZXMudjEuUGxhY2VzLlNlYXJjaFRleHQQAhgEIAA,,OPERATIONAL,general_contractor|point_of_interest|service|establishment
ChIJv-r7uzuzr1QRRKgXJaz_KNE,Balta Pro,home_goods_store,Flooring contractor,(971) 373-2999,"19285 Red Eagle Wy, Caldwell, ID 83605, USA",Caldwell,5,10,https://maps.google.com/?cid=15071577267817130052&g_mp=Cidnb29nbGUubWFwcy5wbGFjZXMudjEuUGxhY2VzLlNlYXJjaFRleHQQAhgEIAA,,OPERATIONAL,home_goods_store|general_contractor|store|point_of_interest|service|establishment
ChIJp1UVtte0r1QR0Col5wTx5ts,J and J Family Flooring LLC.,general_contractor,Flooring contractor,,"14240 Pearl Pointe Dr, Caldwell, ID 83607, USA",Caldwell,4,2,https://maps.google.com/?cid=15845617342309804752&g_mp=Cidnb29nbGUubWFwcy5wbGFjZXMudjEuUGxhY2VzLlNlYXJjaFRleHQQAhgEIAA,,OPERATIONAL,general_contractor|point_of_interest|service|establishment
ChIJC4kJSgC1r1QRVpFwe7fODV4,2 Cubs Woodworking,manufacturer,Cabinet maker,,"5519 Hargrove Ave, Caldwell, ID 83607, USA",Caldwell,5,4,https://maps.google.com/?cid=6777300301707776342&g_mp=Cidnb29nbGUubWFwcy5wbGFjZXMudjEuUGxhY2VzLlNlYXJjaFRleHQQAhgEIAA,,OPERATIONAL,manufacturer|service|point_of_interest|establishment
ChIJ8cPdYAK0r1QRhkAJUruVhyk,ASC General Contractor,general_contractor,General contractor,(208) 459-7115,"416 W Belmont A, Caldwell, ID 83605, USA",Caldwell,4,3,https://maps.google.com/?cid=2992525109178744966&g_mp=Cidnb29nbGUubWFwcy5wbGFjZXMudjEuUGxhY2VzLlNlYXJjaFRleHQQAhgEIAA,,OPERATIONAL,general_contractor|service|point_of_interest|establishment
ChIJ4bIfWCNn6CURXzcMas49TtY,HandiWorx Construction,general_contractor,General contractor,(208) 204-1240,"1811 Shepard St, Caldwell, ID 83605, USA",Caldwell,5,4,https://maps.google.com/?cid=15442348129051752287&g_mp=Cidnb29nbGUubWFwcy5wbGFjZXMudjEuUGxhY2VzLlNlYXJjaFRleHQQAhgEIAA,,OPERATIONAL,general_contractor|service|point_of_interest|establishment
ChIJhaXdDEq1r1QRRYk65MdY8aI,A & E Drywall LLC,general_contractor,Drywall contractor,(208) 800-4669,"1716 Blaine St Apt 1, Caldwell, ID 83605, USA",Caldwell,5,3,https://maps.google.com/?cid=11741263319082371397&g_mp=Cidnb29nbGUubWFwcy5wbGFjZXMudjEuUGxhY2VzLlNlYXJjaFRleHQQAhgEIAA,,OPERATIONAL,general_contractor|point_of_interest|service|establishment
ChIJJWn5IzCxr1QR4ChskzSRm4Q,Infinity Drywall LLC,general_contractor,Drywall contractor,(208) 608-9714,"222 Boise St, Middleton, ID 83644, USA",Boise,2.6,5,https://maps.google.com/?cid=9555390689394305248&g_mp=Cidnb29nbGUubWFwcy5wbGFjZXMudjEuUGxhY2VzLlNlYXJjaFRleHQQAhgEIAA,,OPERATIONAL,general_contractor|point_of_interest|service|establishment
ChIJFaId5wOxr1QR_cMBw1ptkWM,Mortensen Enterprises Inc,general_contractor,Insulation contractor,(208) 459-6171,"13922 Glacier Bay Ln, Caldwell, ID 83607, USA",Caldwell,5,2,https://maps.google.com/?cid=7174635917964067837&g_mp=Cidnb29nbGUubWFwcy5wbGFjZXMudjEuUGxhY2VzLlNlYXJjaFRleHQQAhgEIAA,,OPERATIONAL,general_contractor|service|point_of_interest|establishment
ChIJR4sPP3u1r1QRJbThjnVNzYE,Benny Sanchez Siding LLC,roofing_contractor,Siding contractor,(208) 941-6421,"13638 Pompano Dr, Caldwell, ID 83607, USA",Caldwell,3,2,https://maps.google.com/?cid=9353217168422056997&g_mp=Cidnb29nbGUubWFwcy5wbGFjZXMudjEuUGxhY2VzLlNlYXJjaFRleHQQAhgEIAA,,OPERATIONAL,roofing_contractor|general_contractor|point_of_interest|service|establishment
ChIJnxD5uZ6zr1QRFYjqcmHmRjE,I Gotcha Covered,service,Pool service,(208) 514-7857,"Linden and, Middleton Rd, Caldwell, ID 83605, USA",Caldwell,3.5,11,https://maps.google.com/?cid=3550778662442403861&g_mp=Cidnb29nbGUubWFwcy5wbGFjZXMudjEuUGxhY2VzLlNlYXJjaFRleHQQAhgEIAA,,OPERATIONAL,service|point_of_interest|establishment
ChIJ-Vd3WrOtr1QRq6qIxEbTv7I,TruBlue Pool & Spa,service,Pool service,(208) 891-2664,"6675 Trinity Creek Ln, Star, ID 83669, USA",,5,1,https://maps.google.com/?cid=12880245760201370283&g_mp=Cidnb29nbGUubWFwcy5wbGFjZXMudjEuUGxhY2VzLlNlYXJjaFRleHQQAhgEIAA,,OPERATIONAL,service|point_of_interest|establishment
ChIJxQkgy1Wyr1QRm_8A5eKrQiM,AnyTime Spas Service & Repairs,service,Pool service,(208) 283-2656,"10497 US-20 #26, Caldwell, ID 83605, USA",Caldwell,3.7,31,https://maps.google.com/?cid=2540782130783387547&g_mp=Cidnb29nbGUubWFwcy5wbGFjZXMudjEuUGxhY2VzLlNlYXJjaFRleHQQAhgEIAA,,OPERATIONAL,service|point_of_interest|establishment
ChIJN9uQIFW1r1QRcCcXMyaSWco,A Class Windows,general_contractor,Glass repair,(208) 608-1999,"Ustick &, Homedale Rd, Caldwell, ID 83607, USA",Caldwell,4.8,22,https://maps.google.com/?cid=14580845961352259440&g_mp=Cidnb29nbGUubWFwcy5wbGFjZXMudjEuUGxhY2VzLlNlYXJjaFRleHQQAhgEIAA,,OPERATIONAL,general_contractor|service|store|point_of_interest|establishment
ChIJH1fH7Bq0r1QRk3ayymCDUgs,Superior Paint & Glass,painter,Glass repair,(208) 459-1693,"315 Cleveland Blvd, Caldwell, ID 83605, USA",Caldwell,4.3,122,https://maps.google.com/?cid=815858934248273555&g_mp=Cidnb29nbGUubWFwcy5wbGFjZXMudjEuUGxhY2VzLlNlYXJjaFRleHQQAhgEIAA,,OPERATIONAL,painter|building_materials_store|car_repair|home_goods_store|service|store|point_of_interest|establishment
ChIJ3Ut0cE6ekowRmz-NDWQkE2o,Ogden Ironworks LLC,general_contractor,Welding service,(208) 649-7744,"16571 Chino Ave, Caldwell, ID 83607, USA",Caldwell,5,6,https://maps.google.com/?cid=7643493004720553883&g_mp=Cidnb29nbGUubWFwcy5wbGFjZXMudjEuUGxhY2VzLlNlYXJjaFRleHQQAhgEIAA,,OPERATIONAL,general_contractor|car_repair|manufacturer|service|point_of_interest|establishment
ChIJKXcJJZG1r1QREtgPMGhK7H8,Kora’s Palacios Welding,service,Welding service,(702) 628-1680,"3718 Cleveland Blvd #3, Caldwell, ID 83605, USA",Caldwell,5,1,https://maps.google.com/?cid=9217824348663961618&g_mp=Cidnb29nbGUubWFwcy5wbGFjZXMudjEuUGxhY2VzLlNlYXJjaFRleHQQAhgEIAA,,OPERATIONAL,service|point_of_interest|establishment
ChIJdSnX4l-zr1QRkjglQgRXrM0,Ironsidemetalworks,service,Welding service,(208) 901-1168,"5001 E Ustick Rd Trlr 1, Caldwell, ID 83605, USA",Caldwell,5,5,https://maps.google.com/?cid=14820316149570680978&g_mp=Cidnb29nbGUubWFwcy5wbGFjZXMudjEuUGxhY2VzLlNlYXJjaFRleHQQAhgEIAA,,OPERATIONAL,service|point_of_interest|establishment
ChIJv7zAfbGzr1QRf_zfTS_rjeg,TerraCo Excavation & Demo LLC,general_contractor,Excavation contractor,(208) 577-8988,"20272 Ward Ln, Caldwell, ID 83605, USA",Caldwell,5,2,https://maps.google.com/?cid=16757308376917998719&g_mp=Cidnb29nbGUubWFwcy5wbGFjZXMudjEuUGxhY2VzLlNlYXJjaFRleHQQAhgEIAA,,OPERATIONAL,general_contractor|service|point_of_interest|establishment
ChIJZ8FVyDy0r1QRgEXD01Py-Sc,Paradise Utilities,service,Excavation contractor,(208) 999-0489,"920 Laurel St, Caldwell, ID 83605, USA",Caldwell,5,2,https://maps.google.com/?cid=2880599878529140096&g_mp=Cidnb29nbGUubWFwcy5wbGFjZXMudjEuUGxhY2VzLlNlYXJjaFRleHQQAhgEIAA,,OPERATIONAL,service|point_of_interest|establishment
ChIJJ6lfJ8y7r1QRMnA39yLXwFU,"Welch Excavating, Inc.",general_contractor,Excavation contractor,(208) 941-3024,"18750 Market Rd, Caldwell, ID 83607, USA",Caldwell,4.8,4,https://maps.google.com/?cid=6179175233928785970&g_mp=Cidnb29nbGUubWFwcy5wbGFjZXMudjEuUGxhY2VzLlNlYXJjaFRleHQQAhgEIAA,,OPERATIONAL,general_contractor|service|point_of_interest|establishment
ChIJPVWHTiPOQiQRQGaPKFcyRsA,Certified Electric LLC,electrician,Electrician,(208) 995-4600,"372 S Eagle Rd suite#285, Eagle, ID 83616, USA",Eagle,5,94,https://maps.google.com/?cid=13854816653575939648&g_mp=Cidnb29nbGUubWFwcy5wbGFjZXMudjEuUGxhY2VzLlNlYXJjaFRleHQQAhgEIAA,,OPERATIONAL,electrician|service|point_of_interest|establishment
ChIJD8gSfZSqr1QR-L8Qcj6M36g,Miller Electric,electrician,Electrician,(208) 939-3322,"959 N Preakness Dr, Eagle, ID 83616, USA",Eagle,5,1,https://maps.google.com/?cid=12168598918007930872&g_mp=Cidnb29nbGUubWFwcy5wbGFjZXMudjEuUGxhY2VzLlNlYXJjaFRleHQQAhgEIAA,,OPERATIONAL,electrician|service|point_of_interest|establishment
ChIJow-wQv__rlQRHad_398hwCk,J&B Automotive,car_repair,Auto repair,(208) 697-2966,"1092 N Parkinson St, Eagle, ID 83616, USA",Eagle,4.9,81,https://maps.google.com/?cid=3008441796494599965&g_mp=Cidnb29nbGUubWFwcy5wbGFjZXMudjEuUGxhY2VzLlNlYXJjaFRleHQQAhgEIAA,,OPERATIONAL,car_repair|point_of_interest|service|establishment
ChIJ17eGIgABr1QRFmr45RoWVwI,Los Temo's Custom,car_repair,Mechanic,,"274 N Biscayne Pl, Eagle, ID 83616, USA",Eagle,,0,https://maps.google.com/?cid=168627815832906262&g_mp=Cidnb29nbGUubWFwcy5wbGFjZXMudjEuUGxhY2VzLlNlYXJjaFRleHQQAhgEIAA,,OPERATIONAL,car_repair|point_of_interest|service|establishment
ChIJAR4BDCirr1QRLKVo0UpNy_w,"Norsemen Construction, LLC",general_contractor,Handyman,(208) 629-6141,"388 N Olde Park Pl, Eagle, ID 83616, USA",Eagle,5,13,https://maps.google.com/?cid=18215738101566317868&g_mp=Cidnb29nbGUubWFwcy5wbGFjZXMudjEuUGxhY2VzLlNlYXJjaFRleHQQAhgEIAA,,OPERATIONAL,general_contractor|home_goods_store|service|store|point_of_interest|establishment
ChIJqT-1CKyrr1QR4PNRCKqpN2U,JC Eagle Concrete,general_contractor,Concrete contractor,(208) 353-1286,"1028 S Bridgeway Pl SUITE 140, Eagle, ID 83616, USA",Eagle,2.8,16,https://maps.google.com/?cid=7293484669298930656&g_mp=Cidnb29nbGUubWFwcy5wbGFjZXMudjEuUGxhY2VzLlNlYXJjaFRleHQQAhgEIAA,,OPERATIONAL,general_contractor|point_of_interest|service|establishment
ChIJXd0QB75VrlQR8NOOSZbatpU,Brown Tree Service LLC,service,Tree service,(208) 860-0904,"5995 N Meridian Rd, Meridian, ID 83646, USA",Meridian,5,7,https://maps.google.com/?cid=10788050296426648560&g_mp=Cidnb29nbGUubWFwcy5wbGFjZXMudjEuUGxhY2VzLlNlYXJjaFRleHQQAhgEIAA,,OPERATIONAL,service|point_of_interest|establishment
ChIJtwQ6Skn_rlQRlMYrhW-wKso,Miguel's Irrigation and Landscape LLC,general_contractor,Irrigation,(208) 941-7497,"301 E 45th St #1, Garden City, ID 83714, USA",,3.7,6,https://maps.google.com/?cid=14567649937705387668&g_mp=Cidnb29nbGUubWFwcy5wbGFjZXMudjEuUGxhY2VzLlNlYXJjaFRleHQQAhgEIAA,,OPERATIONAL,general_contractor|service|point_of_interest|establishment
ChIJy024J6uqr1QRLCUGgc6YtnU,CB Tile And Stone,general_contractor,Tile contractor,(208) 938-3891,"1770 E State St, Eagle, ID 83616, USA",Eagle,3,6,https://maps.google.com/?cid=8482134960894256428&g_mp=Cidnb29nbGUubWFwcy5wbGFjZXMudjEuUGxhY2VzLlNlYXJjaFRleHQQAhgEIAA,,OPERATIONAL,general_contractor|point_of_interest|service|establishment
ChIJrTQh2ktVrlQRZ0iPyixhkzw,Intermountain Drywall and Acoustical,general_contractor,Drywall contractor,(208) 938-2608,"686 E Riverchase Way, Eagle, ID 83616, USA",Eagle,5,1,https://maps.google.com/?cid=4364939308856985703&g_mp=Cidnb29nbGUubWFwcy5wbGFjZXMudjEuUGxhY2VzLlNlYXJjaFRleHQQAhgEIAA,,OPERATIONAL,general_contractor|point_of_interest|service|establishment
ChIJ16rk9farr1QRerUCyJPeoqE,Hornbeck steel line,manufacturer,Welding service,(208) 369-3563,"1450 N Ballantyne Ln, Eagle, ID 83616, USA",Eagle,5,5,https://maps.google.com/?cid=11647116312630703482&g_mp=Cidnb29nbGUubWFwcy5wbGFjZXMudjEuUGxhY2VzLlNlYXJjaFRleHQQAhgEIAA,,OPERATIONAL,manufacturer|point_of_interest|service|establishment
ChIJAQBQ-P5UrlQRV0qGQvBFsfo,208 ASPHALT,point_of_interest,Paving contractor,(208) 616-4141,"13601 W McMillan Rd, Boise, ID 83713, USA",Boise,2.3,3,https://maps.google.com/?cid=18064296478570334807&g_mp=Cidnb29nbGUubWFwcy5wbGFjZXMudjEuUGxhY2VzLlNlYXJjaFRleHQQAhgEIAA,,OPERATIONAL,point_of_interest|service|establishment
